{"_timestamp":1.728676290346898e+09,"_runtime":138.670570378,"_step":13,"acc":1.8794332873472508,"loss":3.100488021138999,"_wandb":{"runtime":142}}