{"_wandb":{"runtime":170},"_timestamp":1.728081240524305e+09,"_runtime":170.580832139,"_step":59,"acc":0.05559778193128295,"loss":0.3321350994438257}