{"loss":0.491904749818964,"_wandb":{"runtime":165},"_timestamp":1.7301487214434562e+09,"_runtime":165.389424334,"_step":59,"acc":0.16997537586967515}