{"_wandb":{"runtime":193},"_runtime":190.200078184,"_step":35,"acc":0.17737835865496968,"loss":1.2880137256146726,"_timestamp":1.7285907823531144e+09}