{"_wandb":{"runtime":162},"_step":59,"acc":0.08217166238185097,"loss":0.3575127623682819,"_timestamp":1.729188129425079e+09,"_runtime":162.00341285}