{"_wandb":{"runtime":174},"acc":0.07783792779648586,"loss":0.35203360290857166,"_timestamp":1.7291888364393e+09,"_runtime":173.734079205,"_step":59}