{"loss":1.8067714833631747,"_wandb":{"runtime":17},"_timestamp":1.7301479257060091e+09,"_runtime":14.816240904,"_step":1,"acc":1.7702208900524128}