{"_step":49,"_wandb":{"runtime":228},"acc":0.08184029206443906,"loss":0.8376202146102469,"_timestamp":1.728327753029571e+09,"_runtime":228.136574452}