{"loss":0.3720892538336424,"_timestamp":1.7301466355498838e+09,"_runtime":168.528560527,"_step":59,"_wandb":{"runtime":168},"acc":0.07106235061505368}