{"_step":59,"_wandb":{"runtime":165},"acc":0.10110366561642556,"loss":0.32563674625963335,"_timestamp":1.7291845494057925e+09,"_runtime":165.445088282}