{"_runtime":176.581854425,"_step":59,"_wandb":{"runtime":176},"acc":0.07526422553220877,"loss":0.2712195739661139,"_timestamp":1.7280809805326598e+09}