{"_runtime":163.496437751,"_wandb":{"runtime":163},"_step":59,"acc":0.1969802380259231,"loss":0.38932942965340506,"_timestamp":1.730148098465923e+09}