{"acc":0.08082328114915487,"loss":0.3488397996733533,"_timestamp":1.7291874553508904e+09,"_runtime":168.342267388,"_step":59,"_wandb":{"runtime":168}}