{"_runtime":169.245951214,"_step":49,"_wandb":{"runtime":169},"acc":1.328018914013648,"loss":2.9161143006455927,"_timestamp":1.7286765942001612e+09}