{"_runtime":109.966268534,"_step":34,"_wandb":{"runtime":110},"acc":0.08135850191357656,"loss":0.3809836002963981,"_timestamp":1.7291872658951626e+09}