{"_step":49,"acc":0.08857396277289036,"loss":0.796609066426754,"_wandb":{"runtime":245},"_timestamp":1.7283308207905962e+09,"_runtime":244.686622703}