{"_step":59,"_wandb":{"runtime":166},"acc":0.09395914245821467,"loss":0.2979503993439011,"_timestamp":1.7301474339936392e+09,"_runtime":166.187088775}